﻿{
  "Employee1": [
    {
      "first_name": "Pooh",
      "last_name": "The-Bear",
      "position": "Manager"
    },
    {
      "Tasks": [
        {
          "assign_date": "21/11/2019",
          "due_date": "01/12/2019",
          "text": "task1_text"
        }
      ],
      "Reports": [
        {
          "date": "01/12/2019",
          "text": "report_text"
        }
      ]
    }

  ],
  "Employee2": [
    {
      "first_name": "Mickey",
      "last_name": "Mouse",
      "position": "Employee"
    },
    {
      "Tasks": [
        {
          "assign_date": "21/11/2019",
          "due_date": "01/12/2019",
          "text": "task1_text"
        }
      ],
      "Reports": [
        {
          "date": "01/12/2019",
          "text": "report_text"
        }
      ]
    }

  ],

  "Employee3": [
    {
      "first_name": "Donald",
      "last_name": "Duck",
      "position": "Team-manager"
    },
    {
      "Tasks": [
        {
          "assign_date": "21/11/2019",
          "due_date": "01/12/2019",
          "text": "task1_text"
        }
      ],
      "Reports": [
        {
          "date": "01/12/2019",
          "text": "report_text"
        }
      ]
    }

  ]

}
